{"cameraMode":{"drawMode":0,"name":"Shaded","section":"Shading Mode"},"sceneLighting":true,"audioPlay":false,"sceneViewState":{"m_AlwaysRefresh":false,"showFog":true,"showSkybox":true,"showFlares":true,"showImageEffects":true,"showParticleSystems":true,"showVisualEffectGraphs":true,"m_FxEnabled":true},"in2DMode":false,"pivot":{"x":-0.12547928094863892,"y":0.5603381395339966,"z":0.09809496998786926},"rotation":{"x":0.5833417773246765,"y":-0.08026724308729172,"z":0.05816608667373657,"w":0.8062232732772827},"size":0.6072750091552734,"orthographic":true}