{"cameraMode":{"drawMode":0,"name":"Shaded","section":"Shading Mode"},"sceneLighting":true,"audioPlay":false,"sceneViewState":{"m_AlwaysRefresh":false,"showFog":true,"showSkybox":true,"showFlares":true,"showImageEffects":true,"showParticleSystems":true,"showVisualEffectGraphs":true,"m_FxEnabled":true},"in2DMode":false,"pivot":{"x":10.46970272064209,"y":0.8240973353385925,"z":16.779386520385743},"rotation":{"x":0.41829317808151247,"y":0.5567770600318909,"z":-0.38485294580459597,"w":0.6058856844902039},"size":3.3726017475128176,"orthographic":true}