{"cameraMode":{"drawMode":0,"name":"Shaded","section":"Shading Mode"},"sceneLighting":true,"audioPlay":false,"sceneViewState":{"m_AlwaysRefresh":false,"showFog":true,"showSkybox":true,"showFlares":true,"showImageEffects":true,"showParticleSystems":true,"showVisualEffectGraphs":true,"m_FxEnabled":true},"in2DMode":false,"pivot":{"x":0.008351570926606655,"y":0.6729001998901367,"z":0.2361251711845398},"rotation":{"x":0.4852457642555237,"y":0.03245123103260994,"z":-0.01814911514520645,"w":0.873652458190918},"size":4.171901702880859,"orthographic":false}